ClusterStyle,SizeOfCluster,Accuracy
Van,4,1.0
Sedan,17,0.5294117647058824
SUV,41,0.5121951219512195
Sedan,72,0.625
SUV,26,0.8461538461538461
